{
  "name": "v0-30",
  "timestamp": "2026-03-17T16:45:04.055Z",
  "config": {
    "games": 30,
    "opponent": "hard",
    "timeBudgetMs": 2000,
    "maxTurns": 150
  },
  "results": {
    "gamesPlayed": 30,
    "gamesWithWinner": 19,
    "mctsWins": 6,
    "oppWins": 13,
    "timeouts": 11,
    "errors": 0,
    "winRate": 0.3157894736842105,
    "timeoutRate": 0.36666666666666664,
    "avgRounds": 45.86666666666667,
    "avgPSWinner": 4.842105263157895,
    "avgPSLoser": 0.3684210526315789,
    "psWinCount": 4,
    "elimWinCount": 15
  },
  "mcts": {
    "avgIterationsPerDecision": 1716.9473293768547,
    "avgTreeNodes": 6.507418397626113,
    "avgRolloutDepth": 8.347084417239978,
    "avgTimePerDecisionMs": 1258.7967359050444,
    "avgBestMoveWR": 0.33820765157251137,
    "earlyTerminationRate": 0.03560830860534125,
    "totalDecisions": 1348
  }
}