{
  "name": "v0",
  "timestamp": "2026-03-17T16:15:27.500Z",
  "config": {
    "games": 10,
    "opponent": "hard",
    "timeBudgetMs": 2000,
    "maxTurns": 150
  },
  "results": {
    "gamesPlayed": 10,
    "gamesWithWinner": 7,
    "mctsWins": 1,
    "oppWins": 6,
    "timeouts": 3,
    "errors": 0,
    "winRate": 0.14285714285714285,
    "timeoutRate": 0.3,
    "avgRounds": 40.3,
    "avgPSWinner": 7.428571428571429,
    "avgPSLoser": 0.2857142857142857,
    "psWinCount": 4,
    "elimWinCount": 3
  },
  "mcts": {
    "avgIterationsPerDecision": 2179.702290076336,
    "avgTreeNodes": 6.5038167938931295,
    "avgRolloutDepth": 8.706905634625194,
    "avgTimePerDecisionMs": 1072.147582697201,
    "avgBestMoveWR": 0.612209811238375,
    "earlyTerminationRate": 0.030534351145038167,
    "totalDecisions": 393
  }
}