{
  "name": "v1-tight",
  "timestamp": "2026-03-17T17:03:01.764Z",
  "config": {
    "games": 10,
    "opponent": "hard",
    "timeBudgetMs": 2000,
    "maxTurns": 150
  },
  "results": {
    "gamesPlayed": 10,
    "gamesWithWinner": 3,
    "mctsWins": 3,
    "oppWins": 0,
    "timeouts": 7,
    "errors": 0,
    "winRate": 1,
    "timeoutRate": 0.7,
    "avgRounds": 60.9,
    "avgPSWinner": 0.3333333333333333,
    "avgPSLoser": 0.6666666666666666,
    "psWinCount": 0,
    "elimWinCount": 3
  },
  "mcts": {
    "avgIterationsPerDecision": 1060.1314475873544,
    "avgTreeNodes": 164.6322795341098,
    "avgRolloutDepth": 9.088054041135239,
    "avgTimePerDecisionMs": 1994.405990016639,
    "avgBestMoveWR": 0,
    "earlyTerminationRate": 0.008319467554076539,
    "totalDecisions": 601
  }
}