{
  "name": "v3-effects-fix",
  "timestamp": "2026-03-17T18:15:19.417Z",
  "config": {
    "games": 20,
    "opponent": "hard",
    "timeBudgetMs": 500,
    "maxTurns": 150
  },
  "results": {
    "gamesPlayed": 20,
    "gamesWithWinner": 14,
    "mctsWins": 2,
    "oppWins": 12,
    "timeouts": 6,
    "errors": 0,
    "winRate": 0.14285714285714285,
    "timeoutRate": 0.3,
    "avgRounds": 44.15,
    "avgPSWinner": 3.7142857142857144,
    "avgPSLoser": 0.2857142857142857,
    "psWinCount": 1,
    "elimWinCount": 13
  },
  "mcts": {
    "avgIterationsPerDecision": 39115.73201856149,
    "avgTreeNodes": 6.523201856148492,
    "avgRolloutDepth": 7.760742036759551,
    "avgTimePerDecisionMs": 502.85962877030164,
    "avgBestMoveWR": 0.3408123713112418,
    "earlyTerminationRate": 0.27958236658932717,
    "totalDecisions": 862
  }
}