{
  "name": "v3-hybrid-light",
  "timestamp": "2026-03-17T17:20:18.881Z",
  "config": {
    "games": 20,
    "opponent": "hard",
    "timeBudgetMs": 500,
    "maxTurns": 150
  },
  "results": {
    "gamesPlayed": 20,
    "gamesWithWinner": 9,
    "mctsWins": 2,
    "oppWins": 7,
    "timeouts": 11,
    "errors": 0,
    "winRate": 0.2222222222222222,
    "timeoutRate": 0.55,
    "avgRounds": 55.95,
    "avgPSWinner": 3.6666666666666665,
    "avgPSLoser": 0.2222222222222222,
    "psWinCount": 0,
    "elimWinCount": 9
  },
  "mcts": {
    "avgIterationsPerDecision": 20524.261146496814,
    "avgTreeNodes": 4.685168334849863,
    "avgRolloutDepth": 5.4397220952721606,
    "avgTimePerDecisionMs": 196.17561419472247,
    "avgBestMoveWR": 0.2415162164929826,
    "earlyTerminationRate": 0.3521383075523203,
    "totalDecisions": 1099
  }
}