{
  "name": "v3-lightdraw",
  "timestamp": "2026-03-17T17:51:10.559Z",
  "config": {
    "games": 20,
    "opponent": "hard",
    "timeBudgetMs": 500,
    "maxTurns": 150
  },
  "results": {
    "gamesPlayed": 20,
    "gamesWithWinner": 13,
    "mctsWins": 8,
    "oppWins": 5,
    "timeouts": 7,
    "errors": 0,
    "winRate": 0.6153846153846154,
    "timeoutRate": 0.35,
    "avgRounds": 45.65,
    "avgPSWinner": 2.923076923076923,
    "avgPSLoser": 1.0769230769230769,
    "psWinCount": 1,
    "elimWinCount": 12
  },
  "mcts": {
    "avgIterationsPerDecision": 31949.797552836484,
    "avgTreeNodes": 5.882091212458287,
    "avgRolloutDepth": 6.677541305415973,
    "avgTimePerDecisionMs": 368.45606229143493,
    "avgBestMoveWR": 0.3033001809864409,
    "earlyTerminationRate": 0.19132369299221358,
    "totalDecisions": 899
  }
}