{
  "name": "v5-eval",
  "timestamp": "2026-03-18T11:43:46.825Z",
  "config": {
    "games": 20,
    "opponent": "v5-eval",
    "timeBudgetMs": 2000,
    "maxTurns": 150
  },
  "results": {
    "gamesPlayed": 20,
    "gamesWithWinner": 13,
    "mctsWins": 6,
    "oppWins": 7,
    "timeouts": 7,
    "errors": 0,
    "winRate": 0.46153846153846156,
    "timeoutRate": 0.35,
    "avgRounds": 44.3,
    "avgPSWinner": 5.923076923076923,
    "avgPSLoser": 0.8461538461538461,
    "psWinCount": 6,
    "elimWinCount": 7
  },
  "mcts": {
    "avgIterationsPerDecision": 38336.3063583815,
    "avgTreeNodes": 10.406936416184971,
    "avgRolloutDepth": 8.328343810495435,
    "avgTimePerDecisionMs": 1010.2497109826589,
    "avgBestMoveWR": 0.4960237611890519,
    "earlyTerminationRate": 0.6554913294797687,
    "totalDecisions": 865
  }
}