{
  "name": "v5-fast-macro",
  "timestamp": "2026-03-18T13:33:36.503Z",
  "config": {
    "games": 20,
    "opponent": "200",
    "timeBudgetMs": 200,
    "maxTurns": 150
  },
  "results": {
    "gamesPlayed": 20,
    "gamesWithWinner": 14,
    "mctsWins": 9,
    "oppWins": 5,
    "timeouts": 6,
    "errors": 0,
    "winRate": 0.6428571428571429,
    "timeoutRate": 0.3,
    "avgRounds": 39.65,
    "avgPSWinner": 7.5,
    "avgPSLoser": 2.5,
    "psWinCount": 8,
    "elimWinCount": 6
  },
  "mcts": {
    "avgIterationsPerDecision": 10191.289743589743,
    "avgTreeNodes": 5.926923076923077,
    "avgRolloutDepth": 6.822423296491713,
    "avgTimePerDecisionMs": 151.8051282051282,
    "avgBestMoveWR": 0.5880056173363782,
    "earlyTerminationRate": 0.2153846153846154,
    "totalDecisions": 780
  }
}