{
  "name": "v5-novice",
  "timestamp": "2026-03-18T11:57:16.424Z",
  "config": {
    "games": 20,
    "opponent": "200",
    "timeBudgetMs": 200,
    "maxTurns": 150
  },
  "results": {
    "gamesPlayed": 20,
    "gamesWithWinner": 11,
    "mctsWins": 6,
    "oppWins": 5,
    "timeouts": 9,
    "errors": 0,
    "winRate": 0.5454545454545454,
    "timeoutRate": 0.45,
    "avgRounds": 50.35,
    "avgPSWinner": 5,
    "avgPSLoser": 1.8181818181818181,
    "psWinCount": 2,
    "elimWinCount": 9
  },
  "mcts": {
    "avgIterationsPerDecision": 5000.0344827586205,
    "avgTreeNodes": 5.919878296146044,
    "avgRolloutDepth": 6.9318384654573775,
    "avgTimePerDecisionMs": 80.53042596348884,
    "avgBestMoveWR": 0.5552642107779064,
    "earlyTerminationRate": 0.4898580121703854,
    "totalDecisions": 986
  }
}