{
  "name": "veteran-l2",
  "timestamp": "2026-03-18T18:53:25.590Z",
  "config": {
    "games": 30,
    "opponent": "veteran",
    "timeBudgetMs": 2000,
    "maxTurns": 150
  },
  "results": {
    "gamesPlayed": 30,
    "gamesWithWinner": 30,
    "mctsWins": 17,
    "oppWins": 13,
    "timeouts": 0,
    "errors": 0,
    "winRate": 0.5666666666666667,
    "timeoutRate": 0,
    "avgRounds": 21.066666666666666,
    "avgPSWinner": 4.8,
    "avgPSLoser": 1.3666666666666667,
    "psWinCount": 3,
    "elimWinCount": 27
  },
  "mcts": {
    "avgIterationsPerDecision": 26174.061157024793,
    "avgTreeNodes": 77.94545454545455,
    "avgRolloutDepth": 6.686113215428775,
    "avgTimePerDecisionMs": 1124.6495867768595,
    "avgBestMoveWR": 0.6326282418233711,
    "earlyTerminationRate": 0.6545454545454545,
    "totalDecisions": 605
  }
}